campus,national_org,chapter_designation,council,letters
University of Mississippi,Alpha Tau Omega,Delta Psi,IFC,ΑΤΩ
University of Mississippi,Beta Theta Pi,Beta Beta,IFC,ΒΘΠ
University of Mississippi,Chi Psi,Alpha Gamma,IFC,ΧΨ
University of Mississippi,Delta Kappa Epsilon,Chi,IFC,ΔΚΕ
University of Mississippi,Delta Psi,Phi,IFC,ΔΨ
University of Mississippi,Delta Tau Delta,Pi,IFC,ΔΤΔ
University of Mississippi,Kappa Alpha Order,Alpha Upsilon,IFC,ΚΑ
University of Mississippi,Kappa Sigma,Delta Xi,IFC,ΚΣ
University of Mississippi,Phi Delta Theta,Mississippi Alpha,IFC,ΦΔΘ
University of Mississippi,Phi Kappa Psi,Mississippi Alpha,IFC,ΦΚΨ
University of Mississippi,Phi Kappa Tau,Delta Gamma,IFC,ΦΚΤ
University of Mississippi,Pi Kappa Alpha,Gamma Iota,IFC,ΠΚΑ
University of Mississippi,Pi Kappa Phi,Alpha Lambda,IFC,ΠΚΦ
University of Mississippi,Sigma Alpha Epsilon,Mississippi Gamma,IFC,ΣΑΕ
University of Mississippi,Sigma Chi,Eta,IFC,ΣΧ
University of Mississippi,Sigma Nu,Epsilon Xi,IFC,ΣΝ
University of Mississippi,Sigma Pi,Beta Mu,IFC,ΣΠ
University of Mississippi,"Alpha Kappa Alpha Sorority, Inc.",Theta Psi,NPHC,ΑΚΑ
University of Mississippi,"Alpha Phi Alpha Fraternity, Inc.",Nu Upsilon,NPHC,ΑΦΑ
University of Mississippi,"Delta Sigma Theta Sorority, Inc.",Lambda Sigma,NPHC,ΔΣΘ
University of Mississippi,"Iota Phi Theta Fraternity, Inc.",Theta Iota,NPHC,ΙΦΘ
University of Mississippi,"Kappa Alpha Psi Fraternity, Inc.",Lambda Pi,NPHC,ΚΑΨ
University of Mississippi,"Omega Psi Phi Fraternity, Inc.",Eta Zeta,NPHC,ΩΨΦ
University of Mississippi,"Phi Beta Sigma Fraternity, Inc.",Eta Beta,NPHC,ΦΒΣ
University of Mississippi,"Sigma Gamma Rho Sorority, Inc.",Xi Zeta,NPHC,ΣΓΡ
University of Mississippi,"Zeta Phi Beta Sorority, Inc.",Tau Eta,NPHC,ΖΦΒ
University of Mississippi,Alpha Chi Omega,Lambda Pi,CPH,ΑΧΩ
University of Mississippi,Alpha Delta Pi,Delta Sigma,CPH,ΑΔΠ
University of Mississippi,Alpha Omicron Pi,Nu Beta,CPH,ΑΟΠ
University of Mississippi,Alpha Phi,Iota Omega,CPH,ΑΦ
University of Mississippi,Chi Omega,Tau,CPH,ΧΩ
University of Mississippi,Delta Delta Delta,Chi,CPH,ΔΔΔ
University of Mississippi,Delta Gamma,Alpha Psi,CPH,ΔΓ
University of Mississippi,Kappa Delta,Alpha Mu,CPH,ΚΔ
University of Mississippi,Kappa Kappa Gamma,Delta Rho,CPH,ΚΚΓ
University of Mississippi,Phi Mu,Alpha Delta,CPH,ΦΜ
University of Mississippi,Pi Beta Phi,Mississippi Beta,CPH,ΠΒΦ
Auburn University,Alpha Epsilon Pi,Theta,IFC,ΑΕΠ
Auburn University,Alpha Gamma Rho,Xi,IFC,ΑΓΡ
Auburn University,Alpha Sigma Phi,Zeta Psi,IFC,ΑΣΦ
Auburn University,Alpha Tau Omega,Alpha Epsilon,IFC,ΑΤΩ
Auburn University,Beta Theta Pi,Delta Zeta,IFC,ΒΘΠ
Auburn University,Beta Upsilon Chi,Omega,IFC,ΒΥΧ
Auburn University,Chi Phi,Mu Delta,IFC,ΧΦ
Auburn University,Delta Chi,Auburn,IFC,ΔΧ
Auburn University,Delta Kappa Epsilon,Delta Alpha,IFC,ΔΚΕ
Auburn University,Delta Sigma Phi,Kappa,IFC,ΔΣΦ
Auburn University,Delta Tau Delta,Epsilon Alpha,IFC,ΔΤΔ
Auburn University,FarmHouse,Alpha Zeta,IFC,FH
Auburn University,Kappa Alpha Order,Nu,IFC,ΚΑ
Auburn University,Lambda Chi Alpha,Omega Zeta,IFC,ΛΧΑ
Auburn University,Phi Delta Theta,Alabama Beta,IFC,ΦΔΘ
Auburn University,Phi Gamma Delta,Alpha Epsilon,IFC,ΦΓΔ
Auburn University,Phi Sigma Kappa,Omega Septaton,IFC,ΦΣΚ
Auburn University,Pi Kappa Alpha,Upsilon,IFC,ΠΚΑ
Auburn University,Pi Kappa Phi,Alpha Iota,IFC,ΠΚΦ
Auburn University,Sigma Alpha Epsilon,Alpha Mu,IFC,ΣΑΕ
Auburn University,Sigma Chi,Gamma Sigma,IFC,ΣΧ
Auburn University,Sigma Phi Epsilon,,IFC,ΣΦΕ
Auburn University,Sigma Nu,Beta Theta,IFC,ΣΝ
Auburn University,Sigma Pi,Alpha Delta,IFC,ΣΠ
Auburn University,Sigma Tau Gamma,Epsilon Chi,IFC,ΣΤΓ
Auburn University,Tau Kappa Epsilon,Beta Lambda,IFC,ΤΚΕ
Auburn University,Theta Chi,Chi,IFC,ΘΧ
Auburn University,Theta Xi,Beta Zeta,IFC,ΘΞ
Auburn University,"Alpha Kappa Alpha Sorority, Inc.",Kappa Chi,NPHC,ΑΚΑ
Auburn University,"Delta Sigma Theta Sorority, Inc.",Kappa Upsilon,NPHC,ΔΣΘ
Auburn University,"Kappa Alpha Psi Fraternity, Inc.",Theta Delta,NPHC,ΚΑΨ
Auburn University,"Omega Psi Phi Fraternity, Inc.",Sigma Delta,NPHC,ΩΨΦ
Auburn University,"Phi Beta Sigma Fraternity, Inc.",Kappa Zeta,NPHC,ΦΒΣ
Auburn University,"Sigma Gamma Rho Sorority, Inc.",Omicron Iota,NPHC,ΣΓΡ
Auburn University,"Zeta Phi Beta Sorority, Inc.",Gamma Xi,NPHC,ΖΦΒ
Auburn University,Alpha Chi Omega,Epsilon Zeta,Panhellenic,ΑΧΩ
Auburn University,Alpha Delta Pi,Beta Omega,Panhellenic,ΑΔΠ
Auburn University,Alpha Gamma Delta,Gamma Delta,Panhellenic,ΑΓΔ
Auburn University,Alpha Omicron Pi,Delta Delta,Panhellenic,ΑΟΠ
Auburn University,Alpha Xi Delta,Zeta Xi,Panhellenic,ΑΞΔ
Auburn University,Chi Omega,Alpha Beta,Panhellenic,ΧΩ
Auburn University,Delta Delta Delta,Phi Theta,Panhellenic,ΔΔΔ
Auburn University,Delta Gamma,Delta Sigma,Panhellenic,ΔΓ
Auburn University,Delta Zeta,Beta Xi,Panhellenic,ΔΖ
Auburn University,Gamma Phi Beta,Gamma Phi,Panhellenic,ΓΦΒ
Auburn University,Kappa Alpha Theta,Gamma Omega,Panhellenic,ΚΑΘ
Auburn University,Kappa Delta,Sigma Lambda,Panhellenic,ΚΔ
Auburn University,Kappa Kappa Gamma,Epsilon Eta,Panhellenic,ΚΚΓ
Auburn University,Phi Mu,Alpha Mu,Panhellenic,ΦΜ
Auburn University,Pi Beta Phi,Alabama Gamma,Panhellenic,ΠΒΦ
Auburn University,Sigma Kappa,Theta Xi,Panhellenic,ΣΚ
Auburn University,Sigma Sigma Sigma,Theta Iota,Panhellenic,ΣΣΣ
Auburn University,Zeta Tau Alpha,Gamma Rho,Panhellenic,ΖΤΑ
University of Alabama,Alpha Delta Phi,,IFC,ΑΔΦ
University of Alabama,Alpha Epsilon Pi,,IFC,ΑΕΠ
University of Alabama,Alpha Kappa Lambda,,IFC,ΑΚΛ
University of Alabama,Alpha Sigma Phi,,IFC,ΑΣΦ
University of Alabama,Alpha Tau Omega,,IFC,ΑΤΩ
University of Alabama,Beta Theta Pi,,IFC,ΒΘΠ
University of Alabama,Beta Upsilon Chi,,IFC,ΒΥΧ
University of Alabama,Chi Phi,,IFC,ΧΦ
University of Alabama,Delta Chi,,IFC,ΔΧ
University of Alabama,Delta Kappa Epsilon,,IFC,ΔΚΕ
University of Alabama,Delta Tau Delta,,IFC,ΔΤΔ
University of Alabama,FarmHouse,,IFC,FH
University of Alabama,Kappa Alpha Order,,IFC,ΚΑ
University of Alabama,Kappa Sigma,,IFC,ΚΣ
University of Alabama,Lambda Chi Alpha,,IFC,ΛΧΑ
University of Alabama,Phi Delta Theta,,IFC,ΦΔΘ
University of Alabama,Phi Gamma Delta,,IFC,ΦΓΔ
University of Alabama,Phi Kappa Psi,,IFC,ΦΚΨ
University of Alabama,Phi Kappa Sigma,,IFC,ΦΚΣ
University of Alabama,Phi Kappa Tau,,IFC,ΦΚΤ
University of Alabama,Pi Kappa Alpha,,IFC,ΠΚΑ
University of Alabama,Pi Kappa Phi,,IFC,ΠΚΦ
University of Alabama,Sigma Alpha Epsilon,,IFC,ΣΑΕ
University of Alabama,Sigma Alpha Mu,,IFC,ΣΑΜ
University of Alabama,Sigma Chi,,IFC,ΣΧ
University of Alabama,Sigma Nu,,IFC,ΣΝ
University of Alabama,Sigma Phi Epsilon,,IFC,ΣΦΕ
University of Alabama,Sigma Pi,,IFC,ΣΠ
University of Alabama,Sigma Tau Gamma,,IFC,ΣΤΓ
University of Alabama,Tau Kappa Epsilon,,IFC,ΤΚΕ
University of Alabama,Theta Chi,,IFC,ΘΧ
University of Alabama,Theta Xi,,IFC,ΘΞ
University of Alabama,Zeta Beta Tau,,IFC,ΖΒΤ
University of Alabama,Zeta Psi,,IFC,ΖΨ
University of Alabama,Alpha Chi Omega,,Panhellenic,ΑΧΩ
University of Alabama,Alpha Delta Pi,,Panhellenic,ΑΔΠ
University of Alabama,Alpha Gamma Delta,,Panhellenic,ΑΓΔ
University of Alabama,Alpha Omicron Pi,,Panhellenic,ΑΟΠ
University of Alabama,Alpha Phi,,Panhellenic,ΑΦ
University of Alabama,Chi Omega,,Panhellenic,ΧΩ
University of Alabama,Delta Delta Delta,,Panhellenic,ΔΔΔ
University of Alabama,Delta Gamma,,Panhellenic,ΔΓ
University of Alabama,Delta Zeta,,Panhellenic,ΔΖ
University of Alabama,Gamma Phi Beta,,Panhellenic,ΓΦΒ
University of Alabama,Kappa Alpha Theta,,Panhellenic,ΚΑΘ
University of Alabama,Kappa Delta,,Panhellenic,ΚΔ
University of Alabama,Kappa Kappa Gamma,,Panhellenic,ΚΚΓ
University of Alabama,Phi Mu,,Panhellenic,ΦΜ
University of Alabama,Pi Beta Phi,,Panhellenic,ΠΒΦ
University of Alabama,Sigma Delta Tau,,Panhellenic,ΣΔΤ
University of Alabama,Sigma Kappa,,Panhellenic,ΣΚ
University of Alabama,Zeta Tau Alpha,,Panhellenic,ΖΤΑ
University of Alabama,Alpha Phi Alpha,,NPHC,ΑΦΑ
University of Alabama,Alpha Kappa Alpha,,NPHC,ΑΚΑ
University of Alabama,Delta Sigma Theta,,NPHC,ΔΣΘ
University of Alabama,Iota Phi Theta,,NPHC,ΙΦΘ
University of Alabama,Kappa Alpha Psi,,NPHC,ΚΑΨ
University of Alabama,Omega Psi Phi,,NPHC,ΩΨΦ
University of Alabama,Phi Beta Sigma,,NPHC,ΦΒΣ
University of Alabama,Sigma Gamma Rho,,NPHC,ΣΓΡ
University of Alabama,Zeta Phi Beta,,NPHC,ΖΦΒ
University of Alabama,Alpha Delta Chi,,UGC,ΑΔΧ
University of Alabama,Alpha Omega Epsilon,,UGC,ΑΩΕ
University of Alabama,Phi Mu Alpha Sinfonia,,UGC,ΦΜΑ
University of Alabama,Phi Sigma Rho,,UGC,ΦΣΡ
University of Alabama,Sigma Alpha Iota,,UGC,ΣΑΙ
University of Alabama,Alpha Kappa Psi,,UGC,ΑΚΨ
University of Alabama,Delta Sigma Pi,,UGC,ΔΣΠ
University of Alabama,Kappa Kappa Psi,,UGC,ΚΚΨ
University of Alabama,Phi Sigma Pi,,UGC,ΦΣΠ
University of Alabama,Theta Tau,,UGC,ΘΤ
University of Arkansas,Alpha Gamma Rho,,IFC,ΑΓΡ
University of Arkansas,Alpha Tau Omega,,IFC,ΑΤΩ
University of Arkansas,Beta Theta Pi,,IFC,ΒΘΠ
University of Arkansas,Beta Upsilon Chi,,IFC,ΒΥΧ
University of Arkansas,Delta Chi,,IFC,ΔΧ
University of Arkansas,FarmHouse,,IFC,FH
University of Arkansas,Kappa Alpha Order,,IFC,ΚΑ
University of Arkansas,Kappa Sigma,,IFC,ΚΣ
University of Arkansas,Lambda Chi Alpha,,IFC,ΛΧΑ
University of Arkansas,Phi Delta Theta,,IFC,ΦΔΘ
University of Arkansas,Phi Gamma Delta,,IFC,ΦΓΔ
University of Arkansas,Phi Kappa Psi,,IFC,ΦΚΨ
University of Arkansas,Pi Kappa Alpha,,IFC,ΠΚΑ
University of Arkansas,Pi Kappa Phi,,IFC,ΠΚΦ
University of Arkansas,Sigma Alpha Epsilon,,IFC,ΣΑΕ
University of Arkansas,Sigma Chi,,IFC,ΣΧ
University of Arkansas,Sigma Nu,,IFC,ΣΝ
University of Arkansas,Sigma Phi Epsilon,,IFC,ΣΦΕ
University of Arkansas,Sigma Pi,,IFC,ΣΠ
University of Arkansas,Tau Kappa Epsilon,,IFC,ΤΚΕ
University of Arkansas,Theta Chi,,IFC,ΘΧ
University of Arkansas,Alpha Chi Omega,,Panhellenic,ΑΧΩ
University of Arkansas,Alpha Delta Pi,,Panhellenic,ΑΔΠ
University of Arkansas,Alpha Omicron Pi,,Panhellenic,ΑΟΠ
University of Arkansas,Alpha Phi,,Panhellenic,ΑΦ
University of Arkansas,Chi Omega,,Panhellenic,ΧΩ
University of Arkansas,Delta Delta Delta,,Panhellenic,ΔΔΔ
University of Arkansas,Delta Gamma,,Panhellenic,ΔΓ
University of Arkansas,Kappa Delta,,Panhellenic,ΚΔ
University of Arkansas,Kappa Kappa Gamma,,Panhellenic,ΚΚΓ
University of Arkansas,Phi Mu,,Panhellenic,ΦΜ
University of Arkansas,Pi Beta Phi,,Panhellenic,ΠΒΦ
University of Arkansas,Zeta Tau Alpha,,Panhellenic,ΖΤΑ
University of Arkansas,Alpha Phi Alpha,,NPHC,ΑΦΑ
University of Arkansas,Alpha Kappa Alpha,,NPHC,ΑΚΑ
University of Arkansas,Delta Sigma Theta,,NPHC,ΔΣΘ
University of Arkansas,Iota Phi Theta,,NPHC,ΙΦΘ
University of Arkansas,Kappa Alpha Psi,,NPHC,ΚΑΨ
University of Arkansas,Omega Psi Phi,,NPHC,ΩΨΦ
University of Arkansas,Phi Beta Sigma,,NPHC,ΦΒΣ
University of Arkansas,Sigma Gamma Rho,,NPHC,ΣΓΡ
University of Arkansas,Zeta Phi Beta,,NPHC,ΖΦΒ
University of Arkansas,Alpha Kappa Delta Phi,,MGC,ΑΚΔΦ
University of Arkansas,Lambda Theta Alpha,,MGC,ΛΘΑ
University of Arkansas,Lambda Theta Phi,,MGC,ΛΘΦ
University of Arkansas,Omega Delta Phi,,MGC,ΩΔΦ
University of Arkansas,Sigma Lambda Gamma,,MGC,ΣΛΓ
University of Florida,Alpha Epsilon Pi,,IFC,ΑΕΠ
University of Florida,Alpha Gamma Rho,,IFC,ΑΓΡ
University of Florida,Alpha Tau Omega,,IFC,ΑΤΩ
University of Florida,Beta Theta Pi,,IFC,ΒΘΠ
University of Florida,Beta Upsilon Chi,,IFC,ΒΥΧ
University of Florida,Chi Phi,,IFC,ΧΦ
University of Florida,Delta Chi,,IFC,ΔΧ
University of Florida,Delta Sigma Phi,,IFC,ΔΣΦ
University of Florida,Delta Tau Delta,,IFC,ΔΤΔ
University of Florida,Kappa Alpha Order,,IFC,ΚΑ
University of Florida,Kappa Sigma,,IFC,ΚΣ
University of Florida,Lambda Chi Alpha,,IFC,ΛΧΑ
University of Florida,Phi Delta Theta,,IFC,ΦΔΘ
University of Florida,Phi Gamma Delta,,IFC,ΦΓΔ
University of Florida,Phi Kappa Tau,,IFC,ΦΚΤ
University of Florida,Pi Kappa Alpha,,IFC,ΠΚΑ
University of Florida,Pi Kappa Phi,,IFC,ΠΚΦ
University of Florida,Sigma Alpha Epsilon,,IFC,ΣΑΕ
University of Florida,Sigma Alpha Mu,,IFC,ΣΑΜ
University of Florida,Sigma Chi,,IFC,ΣΧ
University of Florida,Sigma Nu,,IFC,ΣΝ
University of Florida,Sigma Phi Epsilon,,IFC,ΣΦΕ
University of Florida,Tau Epsilon Phi,,IFC,ΤΕΦ
University of Florida,Theta Chi,,IFC,ΘΧ
University of Florida,Theta Xi,,IFC,ΘΞ
University of Florida,Zeta Beta Tau,,IFC,ΖΒΤ
University of Florida,Alpha Chi Omega,,Panhellenic,ΑΧΩ
University of Florida,Alpha Delta Pi,,Panhellenic,ΑΔΠ
University of Florida,Alpha Epsilon Phi,,Panhellenic,ΑΕΦ
University of Florida,Alpha Omicron Pi,,Panhellenic,ΑΟΠ
University of Florida,Chi Omega,,Panhellenic,ΧΩ
University of Florida,Delta Delta Delta,,Panhellenic,ΔΔΔ
University of Florida,Delta Gamma,,Panhellenic,ΔΓ
University of Florida,Delta Phi Epsilon,,Panhellenic,ΔΦΕ
University of Florida,Delta Zeta,,Panhellenic,ΔΖ
University of Florida,Gamma Phi Beta,,Panhellenic,ΓΦΒ
University of Florida,Kappa Alpha Theta,,Panhellenic,ΚΑΘ
University of Florida,Kappa Delta,,Panhellenic,ΚΔ
University of Florida,Kappa Kappa Gamma,,Panhellenic,ΚΚΓ
University of Florida,Phi Mu,,Panhellenic,ΦΜ
University of Florida,Pi Beta Phi,,Panhellenic,ΠΒΦ
University of Florida,Sigma Delta Tau,,Panhellenic,ΣΔΤ
University of Florida,Sigma Kappa,,Panhellenic,ΣΚ
University of Florida,Zeta Tau Alpha,,Panhellenic,ΖΤΑ
University of Florida,Alpha Phi Alpha,,NPHC,ΑΦΑ
University of Florida,Alpha Kappa Alpha,,NPHC,ΑΚΑ
University of Florida,Delta Sigma Theta,,NPHC,ΔΣΘ
University of Florida,Kappa Alpha Psi,,NPHC,ΚΑΨ
University of Florida,Omega Psi Phi,,NPHC,ΩΨΦ
University of Florida,Phi Beta Sigma,,NPHC,ΦΒΣ
University of Florida,Sigma Gamma Rho,,NPHC,ΣΓΡ
University of Florida,Zeta Phi Beta,,NPHC,ΖΦΒ
University of Florida,Alpha Kappa Delta Phi,,MGC,ΑΚΔΦ
University of Florida,Delta Phi Omega,,MGC,ΔΦΩ
University of Florida,Kappa Phi Lambda,,MGC,ΚΦΛ
University of Florida,Lambda Theta Alpha,,MGC,ΛΘΑ
University of Florida,Lambda Theta Phi,,MGC,ΛΘΦ
University of Florida,Sigma Beta Rho,,MGC,ΣΒΡ
University of Florida,Sigma Lambda Beta,,MGC,ΣΛΒ
University of Florida,Sigma Lambda Gamma,,MGC,ΣΛΓ
University of Florida,Theta Nu Xi,,MGC,ΘΝΞ
University of Florida,Lambda Delta Psi,,MGC,ΛΔΨ
University of Georgia,Alpha Epsilon Pi,,IFC,ΑΕΠ
University of Georgia,Alpha Gamma Rho,,IFC,ΑΓΡ
University of Georgia,Alpha Sigma Phi,,IFC,ΑΣΦ
University of Georgia,Alpha Tau Omega,,IFC,ΑΤΩ
University of Georgia,Beta Theta Pi,,IFC,ΒΘΠ
University of Georgia,Beta Upsilon Chi,,IFC,ΒΥΧ
University of Georgia,Chi Phi,,IFC,ΧΦ
University of Georgia,Chi Psi,,IFC,ΧΨ
University of Georgia,Delta Kappa Epsilon,,IFC,ΔΚΕ
University of Georgia,Delta Sigma Phi,,IFC,ΔΣΦ
University of Georgia,Delta Tau Delta,,IFC,ΔΤΔ
University of Georgia,Kappa Alpha Order,,IFC,ΚΑ
University of Georgia,Kappa Sigma,,IFC,ΚΣ
University of Georgia,Lambda Chi Alpha,,IFC,ΛΧΑ
University of Georgia,Phi Delta Theta,,IFC,ΦΔΘ
University of Georgia,Phi Gamma Delta,,IFC,ΦΓΔ
University of Georgia,Phi Kappa Tau,,IFC,ΦΚΤ
University of Georgia,Phi Kappa Theta,,IFC,
University of Georgia,Pi Kappa Alpha,,IFC,ΠΚΑ
University of Georgia,Pi Kappa Phi,,IFC,ΠΚΦ
University of Georgia,Sigma Alpha Epsilon,,IFC,ΣΑΕ
University of Georgia,Sigma Chi,,IFC,ΣΧ
University of Georgia,Sigma Nu,,IFC,ΣΝ
University of Georgia,Sigma Phi Epsilon,,IFC,ΣΦΕ
University of Georgia,Sigma Pi,,IFC,ΣΠ
University of Georgia,Tau Epsilon Phi,,IFC,ΤΕΦ
University of Georgia,Theta Chi,,IFC,ΘΧ
University of Georgia,Zeta Beta Tau,,IFC,ΖΒΤ
University of Georgia,Delta Epsilon Psi,,MGC,ΔΕΨ
University of Georgia,Lambda Phi Epsilon,,MGC,ΛΦΕ
University of Georgia,Lambda Theta Phi,,MGC,ΛΘΦ
University of Georgia,Lambda Upsilon Lambda,,MGC,ΛΥΛ
University of Georgia,Pi Kappa Psi,,MGC,ΠΚΨ
University of Georgia,Xi Kappa,,MGC,ΞΚ
University of Georgia,Alpha Kappa Delta Phi,,MGC,ΑΚΔΦ
University of Georgia,Kappa Phi Gamma,,MGC,ΚΦΓ
University of Georgia,Lambda Theta Alpha,,MGC,ΛΘΑ
University of Georgia,Sigma Sigma Rho,,MGC,
University of Georgia,Delta Phi Lambda,,MGC,ΔΦΛ
University of Georgia,Alpha Phi Alpha,,NPHC,ΑΦΑ
University of Georgia,Alpha Kappa Alpha,,NPHC,ΑΚΑ
University of Georgia,Delta Sigma Theta,,NPHC,ΔΣΘ
University of Georgia,Kappa Alpha Psi,,NPHC,ΚΑΨ
University of Georgia,Omega Psi Phi,,NPHC,ΩΨΦ
University of Georgia,Phi Beta Sigma,,NPHC,ΦΒΣ
University of Georgia,Sigma Gamma Rho,,NPHC,ΣΓΡ
University of Georgia,Zeta Phi Beta,,NPHC,ΖΦΒ
University of Georgia,Alpha Chi Omega,,Panhellenic,ΑΧΩ
University of Georgia,Alpha Delta Pi,,Panhellenic,ΑΔΠ
University of Georgia,Alpha Gamma Delta,,Panhellenic,ΑΓΔ
University of Georgia,Alpha Omicron Pi,,Panhellenic,ΑΟΠ
University of Georgia,Alpha Phi,,Panhellenic,ΑΦ
University of Georgia,Chi Omega,,Panhellenic,ΧΩ
University of Georgia,Delta Delta Delta,,Panhellenic,ΔΔΔ
University of Georgia,Delta Gamma,,Panhellenic,ΔΓ
University of Georgia,Delta Phi Epsilon,,Panhellenic,ΔΦΕ
University of Georgia,Delta Zeta,,Panhellenic,ΔΖ
University of Georgia,Gamma Phi Beta,,Panhellenic,ΓΦΒ
University of Georgia,Kappa Alpha Theta,,Panhellenic,ΚΑΘ
University of Georgia,Kappa Delta,,Panhellenic,ΚΔ
University of Georgia,Kappa Kappa Gamma,,Panhellenic,ΚΚΓ
University of Georgia,Phi Mu,,Panhellenic,ΦΜ
University of Georgia,Pi Beta Phi,,Panhellenic,ΠΒΦ
University of Georgia,Sigma Delta Tau,,Panhellenic,ΣΔΤ
University of Georgia,Sigma Kappa,,Panhellenic,ΣΚ
University of Georgia,Zeta Tau Alpha,,Panhellenic,ΖΤΑ
University of Kentucky,Alpha Gamma Rho,,IFC,ΑΓΡ
University of Kentucky,Alpha Kappa Lambda,,IFC,ΑΚΛ
University of Kentucky,Alpha Tau Omega,,IFC,ΑΤΩ
University of Kentucky,Beta Theta Pi,,IFC,ΒΘΠ
University of Kentucky,Beta Upsilon Chi,,IFC,ΒΥΧ
University of Kentucky,Delta Chi,,IFC,ΔΧ
University of Kentucky,Delta Sigma Phi,,IFC,ΔΣΦ
University of Kentucky,Delta Tau Delta,,IFC,ΔΤΔ
University of Kentucky,FarmHouse,,IFC,FH
University of Kentucky,Kappa Alpha Order,,IFC,ΚΑ
University of Kentucky,Kappa Sigma,,IFC,ΚΣ
University of Kentucky,Lambda Chi Alpha,,IFC,ΛΧΑ
University of Kentucky,Phi Delta Theta,,IFC,ΦΔΘ
University of Kentucky,Phi Gamma Delta,,IFC,ΦΓΔ
University of Kentucky,Phi Kappa Tau,,IFC,ΦΚΤ
University of Kentucky,Pi Kappa Alpha,,IFC,ΠΚΑ
University of Kentucky,Pi Kappa Phi,,IFC,ΠΚΦ
University of Kentucky,Sigma Alpha Epsilon,,IFC,ΣΑΕ
University of Kentucky,Sigma Chi,,IFC,ΣΧ
University of Kentucky,Sigma Nu,,IFC,ΣΝ
University of Kentucky,Sigma Phi Epsilon,,IFC,ΣΦΕ
University of Kentucky,Sigma Pi,,IFC,ΣΠ
University of Kentucky,Tau Kappa Epsilon,,IFC,ΤΚΕ
University of Kentucky,Theta Chi,,IFC,ΘΧ
University of Kentucky,Triangle,,IFC,Triangle
University of Kentucky,Alpha Chi Omega,,Panhellenic,ΑΧΩ
University of Kentucky,Alpha Delta Pi,,Panhellenic,ΑΔΠ
University of Kentucky,Alpha Gamma Delta,,Panhellenic,ΑΓΔ
University of Kentucky,Alpha Omicron Pi,,Panhellenic,ΑΟΠ
University of Kentucky,Alpha Phi,,Panhellenic,ΑΦ
University of Kentucky,Chi Omega,,Panhellenic,ΧΩ
University of Kentucky,Delta Delta Delta,,Panhellenic,ΔΔΔ
University of Kentucky,Delta Gamma,,Panhellenic,ΔΓ
University of Kentucky,Delta Zeta,,Panhellenic,ΔΖ
University of Kentucky,Kappa Alpha Theta,,Panhellenic,ΚΑΘ
University of Kentucky,Kappa Delta,,Panhellenic,ΚΔ
University of Kentucky,Kappa Kappa Gamma,,Panhellenic,ΚΚΓ
University of Kentucky,Phi Mu,,Panhellenic,ΦΜ
University of Kentucky,Phi Sigma Rho,,Panhellenic,ΦΣΡ
University of Kentucky,Pi Beta Phi,,Panhellenic,ΠΒΦ
University of Kentucky,Zeta Tau Alpha,,Panhellenic,ΖΤΑ
University of Kentucky,Alpha Phi Alpha,,NPHC,ΑΦΑ
University of Kentucky,Alpha Kappa Alpha,,NPHC,ΑΚΑ
University of Kentucky,Delta Sigma Theta,,NPHC,ΔΣΘ
University of Kentucky,Iota Phi Theta,,NPHC,ΙΦΘ
University of Kentucky,Kappa Alpha Psi,,NPHC,ΚΑΨ
University of Kentucky,Omega Psi Phi,,NPHC,ΩΨΦ
University of Kentucky,Phi Beta Sigma,,NPHC,ΦΒΣ
University of Kentucky,Sigma Gamma Rho,,NPHC,ΣΓΡ
University of Kentucky,Zeta Phi Beta,,NPHC,ΖΦΒ
University of Kentucky,Alpha Kappa Delta Phi,,UGC,ΑΚΔΦ
University of Kentucky,Delta Phi Lambda,,UGC,ΔΦΛ
University of Kentucky,Lambda Theta Alpha,,UGC,ΛΘΑ
University of Kentucky,Lambda Theta Phi,,UGC,ΛΘΦ
University of Kentucky,Omega Delta Phi,,UGC,ΩΔΦ
University of Kentucky,Sigma Lambda Gamma,,UGC,ΣΛΓ
University of Kentucky,Sigma Lambda Beta,,UGC,ΣΛΒ
Louisiana State University,Acacia,,IFC,Acacia
Louisiana State University,Alpha Gamma Rho,,IFC,ΑΓΡ
Louisiana State University,Alpha Tau Omega,,IFC,ΑΤΩ
Louisiana State University,Beta Theta Pi,,IFC,ΒΘΠ
Louisiana State University,Delta Chi,,IFC,ΔΧ
Louisiana State University,Delta Kappa Epsilon,,IFC,ΔΚΕ
Louisiana State University,Delta Tau Delta,,IFC,ΔΤΔ
Louisiana State University,Kappa Alpha Order,,IFC,ΚΑ
Louisiana State University,Kappa Sigma,,IFC,ΚΣ
Louisiana State University,Lambda Chi Alpha,,IFC,ΛΧΑ
Louisiana State University,Phi Delta Theta,,IFC,ΦΔΘ
Louisiana State University,Phi Gamma Delta,,IFC,ΦΓΔ
Louisiana State University,Pi Kappa Alpha,,IFC,ΠΚΑ
Louisiana State University,Pi Kappa Phi,,IFC,ΠΚΦ
Louisiana State University,Sigma Alpha Epsilon,,IFC,ΣΑΕ
Louisiana State University,Sigma Chi,,IFC,ΣΧ
Louisiana State University,Sigma Nu,,IFC,ΣΝ
Louisiana State University,Theta Chi,,IFC,ΘΧ
Louisiana State University,Alpha Delta Pi,,Panhellenic,ΑΔΠ
Louisiana State University,Alpha Phi,,Panhellenic,ΑΦ
Louisiana State University,Chi Omega,,Panhellenic,ΧΩ
Louisiana State University,Delta Delta Delta,,Panhellenic,ΔΔΔ
Louisiana State University,Delta Gamma,,Panhellenic,ΔΓ
Louisiana State University,Delta Zeta,,Panhellenic,ΔΖ
Louisiana State University,Kappa Alpha Theta,,Panhellenic,ΚΑΘ
Louisiana State University,Kappa Delta,,Panhellenic,ΚΔ
Louisiana State University,Kappa Kappa Gamma,,Panhellenic,ΚΚΓ
Louisiana State University,Phi Mu,,Panhellenic,ΦΜ
Louisiana State University,Pi Beta Phi,,Panhellenic,ΠΒΦ
Louisiana State University,Zeta Tau Alpha,,Panhellenic,ΖΤΑ
Louisiana State University,Alpha Phi Alpha,,NPHC,ΑΦΑ
Louisiana State University,Alpha Kappa Alpha,,NPHC,ΑΚΑ
Louisiana State University,Delta Sigma Theta,,NPHC,ΔΣΘ
Louisiana State University,Iota Phi Theta,,NPHC,ΙΦΘ
Louisiana State University,Kappa Alpha Psi,,NPHC,ΚΑΨ
Louisiana State University,Omega Psi Phi,,NPHC,ΩΨΦ
Louisiana State University,Phi Beta Sigma,,NPHC,ΦΒΣ
Louisiana State University,Sigma Gamma Rho,,NPHC,ΣΓΡ
Louisiana State University,Zeta Phi Beta,,NPHC,ΖΦΒ
Louisiana State University,Delta Phi Omega,,MGC,ΔΦΩ
Louisiana State University,Kappa Delta Chi,,MGC,ΚΔΧ
Louisiana State University,Lambda Theta Alpha,,MGC,ΛΘΑ
Louisiana State University,Lambda Theta Phi,,MGC,ΛΘΦ
Mississippi State University,Alpha Gamma Rho,,IFC,ΑΓΡ
Mississippi State University,Alpha Tau Omega,,IFC,ΑΤΩ
Mississippi State University,Beta Upsilon Chi,,IFC,ΒΥΧ
Mississippi State University,Delta Chi,,IFC,ΔΧ
Mississippi State University,Delta Kappa Epsilon,,IFC,ΔΚΕ
Mississippi State University,FarmHouse,,IFC,FH
Mississippi State University,Kappa Alpha Order,,IFC,ΚΑ
Mississippi State University,Kappa Sigma,,IFC,ΚΣ
Mississippi State University,Lambda Chi Alpha,,IFC,ΛΧΑ
Mississippi State University,Phi Delta Theta,,IFC,ΦΔΘ
Mississippi State University,Phi Gamma Delta,,IFC,ΦΓΔ
Mississippi State University,Phi Kappa Tau,,IFC,ΦΚΤ
Mississippi State University,Pi Kappa Alpha,,IFC,ΠΚΑ
Mississippi State University,Pi Kappa Phi,,IFC,ΠΚΦ
Mississippi State University,Sigma Alpha Epsilon,,IFC,ΣΑΕ
Mississippi State University,Sigma Chi,,IFC,ΣΧ
Mississippi State University,Sigma Nu,,IFC,ΣΝ
Mississippi State University,Sigma Phi Epsilon,,IFC,ΣΦΕ
Mississippi State University,Sigma Pi,,IFC,ΣΠ
Mississippi State University,Alpha Chi Omega,,Panhellenic,ΑΧΩ
Mississippi State University,Chi Omega,,Panhellenic,ΧΩ
Mississippi State University,Delta Delta Delta,,Panhellenic,ΔΔΔ
Mississippi State University,Delta Gamma,,Panhellenic,ΔΓ
Mississippi State University,Delta Zeta,,Panhellenic,ΔΖ
Mississippi State University,Kappa Delta,,Panhellenic,ΚΔ
Mississippi State University,Phi Mu,,Panhellenic,ΦΜ
Mississippi State University,Pi Beta Phi,,Panhellenic,ΠΒΦ
Mississippi State University,Zeta Tau Alpha,,Panhellenic,ΖΤΑ
Mississippi State University,Alpha Phi Alpha,,NPHC,ΑΦΑ
Mississippi State University,Alpha Kappa Alpha,,NPHC,ΑΚΑ
Mississippi State University,Delta Sigma Theta,,NPHC,ΔΣΘ
Mississippi State University,Iota Phi Theta,,NPHC,ΙΦΘ
Mississippi State University,Kappa Alpha Psi,,NPHC,ΚΑΨ
Mississippi State University,Omega Psi Phi,,NPHC,ΩΨΦ
Mississippi State University,Phi Beta Sigma,,NPHC,ΦΒΣ
Mississippi State University,Sigma Gamma Rho,,NPHC,ΣΓΡ
Mississippi State University,Zeta Phi Beta,,NPHC,ΖΦΒ
Mississippi State University,Alpha Psi Lambda,,UGC,ΑΨΛ
Mississippi State University,Delta Xi Phi,,UGC,ΔΞΦ
Mississippi State University,Sigma Lambda Beta,,UGC,ΣΛΒ
Mississippi State University,Sigma Lambda Gamma,,UGC,ΣΛΓ
University of Missouri,Alpha Epsilon Pi,,IFC,ΑΕΠ
University of Missouri,Alpha Gamma Rho,,IFC,ΑΓΡ
University of Missouri,Alpha Gamma Sigma,,IFC,ΑΓΣ
University of Missouri,Alpha Kappa Lambda,,IFC,ΑΚΛ
University of Missouri,Alpha Tau Omega,,IFC,ΑΤΩ
University of Missouri,Beta Sigma Psi,,IFC,ΒΣΨ
University of Missouri,Beta Theta Pi,,IFC,ΒΘΠ
University of Missouri,Delta Chi,,IFC,ΔΧ
University of Missouri,Delta Kappa Epsilon,,IFC,ΔΚΕ
University of Missouri,Delta Sigma Phi,,IFC,ΔΣΦ
University of Missouri,Delta Tau Delta,,IFC,ΔΤΔ
University of Missouri,FarmHouse,,IFC,FH
University of Missouri,Kappa Alpha Order,,IFC,ΚΑ
University of Missouri,Kappa Sigma,,IFC,ΚΣ
University of Missouri,Lambda Chi Alpha,,IFC,ΛΧΑ
University of Missouri,Phi Delta Theta,,IFC,ΦΔΘ
University of Missouri,Phi Gamma Delta,,IFC,ΦΓΔ
University of Missouri,Phi Kappa Psi,,IFC,ΦΚΨ
University of Missouri,Pi Kappa Alpha,,IFC,ΠΚΑ
University of Missouri,Pi Kappa Phi,,IFC,ΠΚΦ
University of Missouri,Sigma Alpha Epsilon,,IFC,ΣΑΕ
University of Missouri,Sigma Chi,,IFC,ΣΧ
University of Missouri,Sigma Nu,,IFC,ΣΝ
University of Missouri,Sigma Phi Epsilon,,IFC,ΣΦΕ
University of Missouri,Tau Kappa Epsilon,,IFC,ΤΚΕ
University of Missouri,Theta Chi,,IFC,ΘΧ
University of Missouri,Theta Xi,,IFC,ΘΞ
University of Missouri,Triangle,,IFC,Triangle
University of Missouri,Zeta Beta Tau,,IFC,ΖΒΤ
University of Missouri,Alpha Chi Omega,,Panhellenic,ΑΧΩ
University of Missouri,Alpha Delta Pi,,Panhellenic,ΑΔΠ
University of Missouri,Alpha Gamma Delta,,Panhellenic,ΑΓΔ
University of Missouri,Alpha Phi,,Panhellenic,ΑΦ
University of Missouri,Chi Omega,,Panhellenic,ΧΩ
University of Missouri,Delta Delta Delta,,Panhellenic,ΔΔΔ
University of Missouri,Delta Gamma,,Panhellenic,ΔΓ
University of Missouri,Delta Xi,,Panhellenic,
University of Missouri,Gamma Phi Beta,,Panhellenic,ΓΦΒ
University of Missouri,Kappa Alpha Theta,,Panhellenic,ΚΑΘ
University of Missouri,Kappa Delta,,Panhellenic,ΚΔ
University of Missouri,Kappa Kappa Gamma,,Panhellenic,ΚΚΓ
University of Missouri,Phi Mu,,Panhellenic,ΦΜ
University of Missouri,Pi Beta Phi,,Panhellenic,ΠΒΦ
University of Missouri,Sigma Kappa,,Panhellenic,ΣΚ
University of Missouri,Sigma Sigma Sigma,,Panhellenic,ΣΣΣ
University of Missouri,Zeta Tau Alpha,,Panhellenic,ΖΤΑ
University of Missouri,Alpha Phi Alpha,,NPHC,ΑΦΑ
University of Missouri,Alpha Kappa Alpha,,NPHC,ΑΚΑ
University of Missouri,Delta Sigma Theta,,NPHC,ΔΣΘ
University of Missouri,Iota Phi Theta,,NPHC,ΙΦΘ
University of Missouri,Kappa Alpha Psi,,NPHC,ΚΑΨ
University of Missouri,Omega Psi Phi,,NPHC,ΩΨΦ
University of Missouri,Phi Beta Sigma,,NPHC,ΦΒΣ
University of Missouri,Sigma Gamma Rho,,NPHC,ΣΓΡ
University of Missouri,Zeta Phi Beta,,NPHC,ΖΦΒ
University of Missouri,Alpha Kappa Delta Phi,,MGC,ΑΚΔΦ
University of Missouri,Delta Phi Lambda,,MGC,ΔΦΛ
University of Missouri,Lambda Theta Alpha,,MGC,ΛΘΑ
University of Missouri,Lambda Theta Phi,,MGC,ΛΘΦ
University of Missouri,Omega Delta Phi,,MGC,ΩΔΦ
University of Missouri,Sigma Lambda Beta,,MGC,ΣΛΒ
University of Missouri,Sigma Lambda Gamma,,MGC,ΣΛΓ
University of Oklahoma,Alpha Sigma Phi,,IFC,ΑΣΦ
University of Oklahoma,Alpha Tau Omega,,IFC,ΑΤΩ
University of Oklahoma,Beta Theta Pi,,IFC,ΒΘΠ
University of Oklahoma,Beta Upsilon Chi,,IFC,ΒΥΧ
University of Oklahoma,Delta Tau Delta,,IFC,ΔΤΔ
University of Oklahoma,FarmHouse,,IFC,FH
University of Oklahoma,Kappa Alpha Order,,IFC,ΚΑ
University of Oklahoma,Kappa Sigma,,IFC,ΚΣ
University of Oklahoma,Lambda Chi Alpha,,IFC,ΛΧΑ
University of Oklahoma,Phi Delta Theta,,IFC,ΦΔΘ
University of Oklahoma,Phi Gamma Delta,,IFC,ΦΓΔ
University of Oklahoma,Pi Kappa Alpha,,IFC,ΠΚΑ
University of Oklahoma,Pi Kappa Phi,,IFC,ΠΚΦ
University of Oklahoma,Sigma Alpha Epsilon,,IFC,ΣΑΕ
University of Oklahoma,Sigma Chi,,IFC,ΣΧ
University of Oklahoma,Sigma Nu,,IFC,ΣΝ
University of Oklahoma,Sigma Phi Epsilon,,IFC,ΣΦΕ
University of Oklahoma,Tau Kappa Epsilon,,IFC,ΤΚΕ
University of Oklahoma,Alpha Chi Omega,,Panhellenic,ΑΧΩ
University of Oklahoma,Alpha Gamma Delta,,Panhellenic,ΑΓΔ
University of Oklahoma,Alpha Omicron Pi,,Panhellenic,ΑΟΠ
University of Oklahoma,Alpha Phi,,Panhellenic,ΑΦ
University of Oklahoma,Chi Omega,,Panhellenic,ΧΩ
University of Oklahoma,Delta Delta Delta,,Panhellenic,ΔΔΔ
University of Oklahoma,Delta Gamma,,Panhellenic,ΔΓ
University of Oklahoma,Gamma Phi Beta,,Panhellenic,ΓΦΒ
University of Oklahoma,Kappa Alpha Theta,,Panhellenic,ΚΑΘ
University of Oklahoma,Kappa Kappa Gamma,,Panhellenic,ΚΚΓ
University of Oklahoma,Pi Beta Phi,,Panhellenic,ΠΒΦ
University of Oklahoma,Zeta Tau Alpha,,Panhellenic,ΖΤΑ
University of Oklahoma,Alpha Phi Alpha,,NPHC,ΑΦΑ
University of Oklahoma,Alpha Kappa Alpha,,NPHC,ΑΚΑ
University of Oklahoma,Delta Sigma Theta,,NPHC,ΔΣΘ
University of Oklahoma,Iota Phi Theta,,NPHC,ΙΦΘ
University of Oklahoma,Kappa Alpha Psi,,NPHC,ΚΑΨ
University of Oklahoma,Omega Psi Phi,,NPHC,ΩΨΦ
University of Oklahoma,Phi Beta Sigma,,NPHC,ΦΒΣ
University of Oklahoma,Sigma Gamma Rho,,NPHC,ΣΓΡ
University of Oklahoma,Zeta Phi Beta,,NPHC,ΖΦΒ
University of Oklahoma,Alpha Kappa Delta Phi,,MGC,ΑΚΔΦ
University of Oklahoma,Lambda Delta Psi,,MGC,ΛΔΨ
University of Oklahoma,Lambda Phi Epsilon,,MGC,ΛΦΕ
University of Oklahoma,Lambda Theta Alpha,,MGC,ΛΘΑ
University of Oklahoma,Lambda Theta Phi,,MGC,ΛΘΦ
University of Oklahoma,Omega Delta Phi,,MGC,ΩΔΦ
University of Oklahoma,Sigma Lambda Beta,,MGC,ΣΛΒ
University of Oklahoma,Sigma Lambda Gamma,,MGC,ΣΛΓ
University of South Carolina,Acacia,,IFC,Acacia
University of South Carolina,Alpha Epsilon Pi,,IFC,ΑΕΠ
University of South Carolina,Alpha Sigma Phi,,IFC,ΑΣΦ
University of South Carolina,Alpha Tau Omega,,IFC,ΑΤΩ
University of South Carolina,Beta Theta Pi,,IFC,ΒΘΠ
University of South Carolina,Beta Upsilon Chi,,IFC,ΒΥΧ
University of South Carolina,Chi Psi,,IFC,ΧΨ
University of South Carolina,Delta Chi,,IFC,ΔΧ
University of South Carolina,Delta Sigma Phi,,IFC,ΔΣΦ
University of South Carolina,Delta Tau Delta,,IFC,ΔΤΔ
University of South Carolina,Kappa Alpha Order,,IFC,ΚΑ
University of South Carolina,Kappa Sigma,,IFC,ΚΣ
University of South Carolina,Lambda Chi Alpha,,IFC,ΛΧΑ
University of South Carolina,Phi Delta Theta,,IFC,ΦΔΘ
University of South Carolina,Phi Gamma Delta,,IFC,ΦΓΔ
University of South Carolina,Phi Kappa Sigma,,IFC,ΦΚΣ
University of South Carolina,Pi Kappa Alpha,,IFC,ΠΚΑ
University of South Carolina,Pi Kappa Phi,,IFC,ΠΚΦ
University of South Carolina,Sigma Alpha Epsilon,,IFC,ΣΑΕ
University of South Carolina,Sigma Chi,,IFC,ΣΧ
University of South Carolina,Sigma Nu,,IFC,ΣΝ
University of South Carolina,Sigma Phi Epsilon,,IFC,ΣΦΕ
University of South Carolina,Sigma Pi,,IFC,ΣΠ
University of South Carolina,Tau Kappa Epsilon,,IFC,ΤΚΕ
University of South Carolina,Theta Chi,,IFC,ΘΧ
University of South Carolina,Theta Xi,,IFC,ΘΞ
University of South Carolina,Zeta Beta Tau,,IFC,ΖΒΤ
University of South Carolina,Alpha Chi Omega,,Panhellenic,ΑΧΩ
University of South Carolina,Alpha Delta Pi,,Panhellenic,ΑΔΠ
University of South Carolina,Alpha Gamma Delta,,Panhellenic,ΑΓΔ
University of South Carolina,Alpha Xi Delta,,Panhellenic,ΑΞΔ
University of South Carolina,Chi Omega,,Panhellenic,ΧΩ
University of South Carolina,Delta Delta Delta,,Panhellenic,ΔΔΔ
University of South Carolina,Delta Gamma,,Panhellenic,ΔΓ
University of South Carolina,Gamma Phi Beta,,Panhellenic,ΓΦΒ
University of South Carolina,Kappa Delta,,Panhellenic,ΚΔ
University of South Carolina,Kappa Kappa Gamma,,Panhellenic,ΚΚΓ
University of South Carolina,Phi Mu,,Panhellenic,ΦΜ
University of South Carolina,Pi Beta Phi,,Panhellenic,ΠΒΦ
University of South Carolina,Zeta Tau Alpha,,Panhellenic,ΖΤΑ
University of South Carolina,Alpha Phi Alpha,,NPHC,ΑΦΑ
University of South Carolina,Alpha Kappa Alpha,,NPHC,ΑΚΑ
University of South Carolina,Delta Sigma Theta,,NPHC,ΔΣΘ
University of South Carolina,Iota Phi Theta,,NPHC,ΙΦΘ
University of South Carolina,Kappa Alpha Psi,,NPHC,ΚΑΨ
University of South Carolina,Omega Psi Phi,,NPHC,ΩΨΦ
University of South Carolina,Phi Beta Sigma,,NPHC,ΦΒΣ
University of South Carolina,Sigma Gamma Rho,,NPHC,ΣΓΡ
University of South Carolina,Zeta Phi Beta,,NPHC,ΖΦΒ
University of South Carolina,Alpha Kappa Delta Phi,,CGC,ΑΚΔΦ
University of South Carolina,Delta Phi Omega,,CGC,ΔΦΩ
University of South Carolina,Lambda Theta Alpha,,CGC,ΛΘΑ
University of South Carolina,Lambda Theta Phi,,CGC,ΛΘΦ
University of South Carolina,Omega Phi Beta,,CGC,ΩΦΒ
University of South Carolina,Sigma Lambda Beta,,CGC,ΣΛΒ
University of South Carolina,Sigma Lambda Gamma,,CGC,ΣΛΓ
University of South Carolina,Hermandad de Sigma Iota Alpha,,CGC,ΣΙΑ
"University of Tennessee, Knoxville",Alpha Gamma Rho,,IFC,ΑΓΡ
"University of Tennessee, Knoxville",Alpha Tau Omega,,IFC,ΑΤΩ
"University of Tennessee, Knoxville",Beta Theta Pi,,IFC,ΒΘΠ
"University of Tennessee, Knoxville",Beta Upsilon Chi,,IFC,ΒΥΧ
"University of Tennessee, Knoxville",Chi Phi,,IFC,ΧΦ
"University of Tennessee, Knoxville",Delta Kappa Epsilon,,IFC,ΔΚΕ
"University of Tennessee, Knoxville",Delta Sigma Phi,,IFC,ΔΣΦ
"University of Tennessee, Knoxville",Delta Tau Delta,,IFC,ΔΤΔ
"University of Tennessee, Knoxville",FarmHouse,,IFC,FH
"University of Tennessee, Knoxville",Kappa Alpha Order,,IFC,ΚΑ
"University of Tennessee, Knoxville",Kappa Sigma,,IFC,ΚΣ
"University of Tennessee, Knoxville",Lambda Chi Alpha,,IFC,ΛΧΑ
"University of Tennessee, Knoxville",Phi Delta Theta,,IFC,ΦΔΘ
"University of Tennessee, Knoxville",Phi Gamma Delta,,IFC,ΦΓΔ
"University of Tennessee, Knoxville",Phi Kappa Tau,,IFC,ΦΚΤ
"University of Tennessee, Knoxville",Pi Kappa Alpha,,IFC,ΠΚΑ
"University of Tennessee, Knoxville",Pi Kappa Phi,,IFC,ΠΚΦ
"University of Tennessee, Knoxville",Sigma Alpha Epsilon,,IFC,ΣΑΕ
"University of Tennessee, Knoxville",Sigma Chi,,IFC,ΣΧ
"University of Tennessee, Knoxville",Sigma Nu,,IFC,ΣΝ
"University of Tennessee, Knoxville",Sigma Phi Epsilon,,IFC,ΣΦΕ
"University of Tennessee, Knoxville",Theta Chi,,IFC,ΘΧ
"University of Tennessee, Knoxville",Zeta Beta Tau,,IFC,ΖΒΤ
"University of Tennessee, Knoxville",Alpha Chi Omega,,Panhellenic,ΑΧΩ
"University of Tennessee, Knoxville",Alpha Delta Pi,,Panhellenic,ΑΔΠ
"University of Tennessee, Knoxville",Alpha Omicron Pi,,Panhellenic,ΑΟΠ
"University of Tennessee, Knoxville",Chi Omega,,Panhellenic,ΧΩ
"University of Tennessee, Knoxville",Delta Delta Delta,,Panhellenic,ΔΔΔ
"University of Tennessee, Knoxville",Delta Gamma,,Panhellenic,ΔΓ
"University of Tennessee, Knoxville",Delta Zeta,,Panhellenic,ΔΖ
"University of Tennessee, Knoxville",Kappa Alpha Theta,,Panhellenic,ΚΑΘ
"University of Tennessee, Knoxville",Kappa Delta,,Panhellenic,ΚΔ
"University of Tennessee, Knoxville",Kappa Kappa Gamma,,Panhellenic,ΚΚΓ
"University of Tennessee, Knoxville",Phi Mu,,Panhellenic,ΦΜ
"University of Tennessee, Knoxville",Pi Beta Phi,,Panhellenic,ΠΒΦ
"University of Tennessee, Knoxville",Sigma Kappa,,Panhellenic,ΣΚ
"University of Tennessee, Knoxville",Zeta Tau Alpha,,Panhellenic,ΖΤΑ
"University of Tennessee, Knoxville",Alpha Phi Alpha,,NPHC,ΑΦΑ
"University of Tennessee, Knoxville",Alpha Kappa Alpha,,NPHC,ΑΚΑ
"University of Tennessee, Knoxville",Delta Sigma Theta,,NPHC,ΔΣΘ
"University of Tennessee, Knoxville",Kappa Alpha Psi,,NPHC,ΚΑΨ
"University of Tennessee, Knoxville",Omega Psi Phi,,NPHC,ΩΨΦ
"University of Tennessee, Knoxville",Phi Beta Sigma,,NPHC,ΦΒΣ
"University of Tennessee, Knoxville",Zeta Phi Beta,,NPHC,ΖΦΒ
"University of Tennessee, Knoxville",Alpha Kappa Delta Phi,,MGC,ΑΚΔΦ
"University of Tennessee, Knoxville",Delta Phi Lambda,,MGC,ΔΦΛ
"University of Tennessee, Knoxville",Lambda Theta Alpha,,MGC,ΛΘΑ
"University of Tennessee, Knoxville",Lambda Theta Phi,,MGC,ΛΘΦ
"University of Tennessee, Knoxville",Sigma Lambda Gamma,,MGC,ΣΛΓ
"University of Tennessee, Knoxville",Sigma Lambda Beta,,MGC,ΣΛΒ
University of Texas at Austin,Acacia,,IFC,Acacia
University of Texas at Austin,Alpha Epsilon Pi,,IFC,ΑΕΠ
University of Texas at Austin,Alpha Tau Omega,,IFC,ΑΤΩ
University of Texas at Austin,Beta Theta Pi,,IFC,ΒΘΠ
University of Texas at Austin,Beta Upsilon Chi,,IFC,ΒΥΧ
University of Texas at Austin,Delta Chi,,IFC,ΔΧ
University of Texas at Austin,Delta Sigma Phi,,IFC,ΔΣΦ
University of Texas at Austin,Delta Tau Delta,,IFC,ΔΤΔ
University of Texas at Austin,Kappa Alpha Order,,IFC,ΚΑ
University of Texas at Austin,Kappa Sigma,,IFC,ΚΣ
University of Texas at Austin,Lambda Chi Alpha,,IFC,ΛΧΑ
University of Texas at Austin,Phi Delta Theta,,IFC,ΦΔΘ
University of Texas at Austin,Phi Gamma Delta,,IFC,ΦΓΔ
University of Texas at Austin,Phi Kappa Psi,,IFC,ΦΚΨ
University of Texas at Austin,Pi Kappa Alpha,,IFC,ΠΚΑ
University of Texas at Austin,Pi Kappa Phi,,IFC,ΠΚΦ
University of Texas at Austin,Sigma Alpha Epsilon,,IFC,ΣΑΕ
University of Texas at Austin,Sigma Alpha Mu,,IFC,ΣΑΜ
University of Texas at Austin,Sigma Chi,,IFC,ΣΧ
University of Texas at Austin,Sigma Nu,,IFC,ΣΝ
University of Texas at Austin,Sigma Phi Epsilon,,IFC,ΣΦΕ
University of Texas at Austin,Sigma Pi,,IFC,ΣΠ
University of Texas at Austin,Tau Kappa Epsilon,,IFC,ΤΚΕ
University of Texas at Austin,Theta Chi,,IFC,ΘΧ
University of Texas at Austin,Zeta Beta Tau,,IFC,ΖΒΤ
University of Texas at Austin,Alpha Chi Omega,,Panhellenic,ΑΧΩ
University of Texas at Austin,Alpha Delta Pi,,Panhellenic,ΑΔΠ
University of Texas at Austin,Alpha Epsilon Phi,,Panhellenic,ΑΕΦ
University of Texas at Austin,Alpha Phi,,Panhellenic,ΑΦ
University of Texas at Austin,Alpha Xi Delta,,Panhellenic,ΑΞΔ
University of Texas at Austin,Chi Omega,,Panhellenic,ΧΩ
University of Texas at Austin,Delta Delta Delta,,Panhellenic,ΔΔΔ
University of Texas at Austin,Delta Gamma,,Panhellenic,ΔΓ
University of Texas at Austin,Kappa Alpha Theta,,Panhellenic,ΚΑΘ
University of Texas at Austin,Kappa Delta,,Panhellenic,ΚΔ
University of Texas at Austin,Kappa Kappa Gamma,,Panhellenic,ΚΚΓ
University of Texas at Austin,Pi Beta Phi,,Panhellenic,ΠΒΦ
University of Texas at Austin,Sigma Delta Tau,,Panhellenic,ΣΔΤ
University of Texas at Austin,Zeta Tau Alpha,,Panhellenic,ΖΤΑ
University of Texas at Austin,Alpha Phi Alpha,,NPHC,ΑΦΑ
University of Texas at Austin,Alpha Kappa Alpha,,NPHC,ΑΚΑ
University of Texas at Austin,Delta Sigma Theta,,NPHC,ΔΣΘ
University of Texas at Austin,Iota Phi Theta,,NPHC,ΙΦΘ
University of Texas at Austin,Kappa Alpha Psi,,NPHC,ΚΑΨ
University of Texas at Austin,Omega Psi Phi,,NPHC,ΩΨΦ
University of Texas at Austin,Phi Beta Sigma,,NPHC,ΦΒΣ
University of Texas at Austin,Sigma Gamma Rho,,NPHC,ΣΓΡ
University of Texas at Austin,Zeta Phi Beta,,NPHC,ΖΦΒ
University of Texas at Austin,Alpha Kappa Delta Phi,,MGC,ΑΚΔΦ
University of Texas at Austin,Beta Chi Theta,,MGC,ΒΧΘ
University of Texas at Austin,Delta Epsilon Psi,,MGC,ΔΕΨ
University of Texas at Austin,Delta Phi Omega,,MGC,ΔΦΩ
University of Texas at Austin,Kappa Delta Chi,,MGC,ΚΔΧ
University of Texas at Austin,Kappa Phi Gamma,,MGC,ΚΦΓ
University of Texas at Austin,Lambda Theta Alpha,,MGC,ΛΘΑ
University of Texas at Austin,Lambda Theta Phi,,MGC,ΛΘΦ
University of Texas at Austin,Omega Delta Phi,,MGC,ΩΔΦ
University of Texas at Austin,Sigma Lambda Alpha,,MGC,
University of Texas at Austin,Sigma Lambda Beta,,MGC,ΣΛΒ
University of Texas at Austin,Sigma Lambda Gamma,,MGC,ΣΛΓ
University of Texas at Austin,Alpha Phi Omega,,Affiliate Leadership Circle,ΑΦΩ
University of Texas at Austin,Kappa Kappa Psi,,Affiliate Leadership Circle,ΚΚΨ
University of Texas at Austin,Phi Mu Alpha Sinfonia,,Affiliate Leadership Circle,ΦΜΑ
University of Texas at Austin,Sigma Phi Lambda,,Affiliate Leadership Circle,
Texas A&M University,Alpha Chi Omega,,Panhellenic,ΑΧΩ
Texas A&M University,Alpha Delta Pi,,Panhellenic,ΑΔΠ
Texas A&M University,Alpha Epsilon Phi,,Panhellenic,ΑΕΦ
Texas A&M University,Alpha Omicron Pi,,Panhellenic,ΑΟΠ
Texas A&M University,Chi Omega,,Panhellenic,ΧΩ
Texas A&M University,Delta Delta Delta,,Panhellenic,ΔΔΔ
Texas A&M University,Delta Gamma,,Panhellenic,ΔΓ
Texas A&M University,Delta Zeta,,Panhellenic,ΔΖ
Texas A&M University,Gamma Phi Beta,,Panhellenic,ΓΦΒ
Texas A&M University,Kappa Alpha Theta,,Panhellenic,ΚΑΘ
Texas A&M University,Kappa Delta,,Panhellenic,ΚΔ
Texas A&M University,Kappa Kappa Gamma,,Panhellenic,ΚΚΓ
Texas A&M University,Pi Beta Phi,,Panhellenic,ΠΒΦ
Texas A&M University,Zeta Tau Alpha,,Panhellenic,ΖΤΑ
Texas A&M University,Alpha Gamma Rho,,IFC,ΑΓΡ
Texas A&M University,Alpha Tau Omega,,IFC,ΑΤΩ
Texas A&M University,Alpha Sigma Phi,,IFC,ΑΣΦ
Texas A&M University,Beta Theta Pi,,IFC,ΒΘΠ
Texas A&M University,Beta Upsilon Chi,,IFC,ΒΥΧ
Texas A&M University,Delta Sigma Phi,,IFC,ΔΣΦ
Texas A&M University,Delta Tau Delta,,IFC,ΔΤΔ
Texas A&M University,Kappa Alpha Order,,IFC,ΚΑ
Texas A&M University,Kappa Sigma,,IFC,ΚΣ
Texas A&M University,Lambda Chi Alpha,,IFC,ΛΧΑ
Texas A&M University,Phi Delta Theta,,IFC,ΦΔΘ
Texas A&M University,Phi Gamma Delta,,IFC,ΦΓΔ
Texas A&M University,Phi Kappa Psi,,IFC,ΦΚΨ
Texas A&M University,Phi Kappa Tau,,IFC,ΦΚΤ
Texas A&M University,Pi Kappa Alpha,,IFC,ΠΚΑ
Texas A&M University,Pi Kappa Phi,,IFC,ΠΚΦ
Texas A&M University,Sigma Alpha Epsilon,,IFC,ΣΑΕ
Texas A&M University,Sigma Alpha Mu,,IFC,ΣΑΜ
Texas A&M University,Sigma Chi,,IFC,ΣΧ
Texas A&M University,Sigma Phi Epsilon,,IFC,ΣΦΕ
Texas A&M University,Tau Kappa Epsilon,,IFC,ΤΚΕ
Texas A&M University,Theta Chi,,IFC,ΘΧ
Texas A&M University,Beta Tau Omega,,MGC,ΒΤΩ
Texas A&M University,Chi Psi Beta,,MGC,ΧΨΒ
Texas A&M University,Delta Kappa Delta,,MGC,ΔΚΔ
Texas A&M University,Gamma Alpha Omega,,MGC,ΓΑΩ
Texas A&M University,Gamma Beta,,MGC,ΓΒ
Texas A&M University,Gamma Phi Omega,,MGC,ΓΦΩ
Texas A&M University,Kappa Delta Chi,,MGC,ΚΔΧ
Texas A&M University,Lambda Delta Psi,,MGC,ΛΔΨ
Texas A&M University,Lambda Theta Alpha,,MGC,ΛΘΑ
Texas A&M University,Lambda Theta Phi,,MGC,ΛΘΦ
Texas A&M University,Omega Delta Phi,,MGC,ΩΔΦ
Texas A&M University,Alpha Phi Alpha,,NPHC,ΑΦΑ
Texas A&M University,Alpha Kappa Alpha,,NPHC,ΑΚΑ
Texas A&M University,Delta Sigma Theta,,NPHC,ΔΣΘ
Texas A&M University,Kappa Alpha Psi,,NPHC,ΚΑΨ
Texas A&M University,Omega Psi Phi,,NPHC,ΩΨΦ
Texas A&M University,Phi Beta Sigma,,NPHC,ΦΒΣ
Texas A&M University,Sigma Gamma Rho,,NPHC,ΣΓΡ
Texas A&M University,Zeta Phi Beta,,NPHC,ΖΦΒ
Vanderbilt University,Alpha Epsilon Pi,,IFC,ΑΕΠ
Vanderbilt University,Alpha Tau Omega,,IFC,ΑΤΩ
Vanderbilt University,Beta Theta Pi,,IFC,ΒΘΠ
Vanderbilt University,Beta Upsilon Chi,,IFC,ΒΥΧ
Vanderbilt University,Delta Kappa Epsilon,,IFC,ΔΚΕ
Vanderbilt University,Kappa Alpha Order,,IFC,ΚΑ
Vanderbilt University,Kappa Sigma,,IFC,ΚΣ
Vanderbilt University,Lambda Chi Alpha,,IFC,ΛΧΑ
Vanderbilt University,Phi Delta Theta,,IFC,ΦΔΘ
Vanderbilt University,Phi Gamma Delta,,IFC,ΦΓΔ
Vanderbilt University,Pi Kappa Alpha,,IFC,ΠΚΑ
Vanderbilt University,Sigma Alpha Epsilon,,IFC,ΣΑΕ
Vanderbilt University,Sigma Chi,,IFC,ΣΧ
Vanderbilt University,Zeta Beta Tau,,IFC,ΖΒΤ
Vanderbilt University,Alpha Chi Omega,,Panhellenic,ΑΧΩ
Vanderbilt University,Alpha Delta Pi,,Panhellenic,ΑΔΠ
Vanderbilt University,Alpha Omicron Pi,,Panhellenic,ΑΟΠ
Vanderbilt University,Alpha Phi,,Panhellenic,ΑΦ
Vanderbilt University,Chi Omega,,Panhellenic,ΧΩ
Vanderbilt University,Delta Delta Delta,,Panhellenic,ΔΔΔ
Vanderbilt University,Kappa Alpha Theta,,Panhellenic,ΚΑΘ
Vanderbilt University,Kappa Delta,,Panhellenic,ΚΔ
Vanderbilt University,Kappa Kappa Gamma,,Panhellenic,ΚΚΓ
Vanderbilt University,Pi Beta Phi,,Panhellenic,ΠΒΦ
Vanderbilt University,Zeta Tau Alpha,,Panhellenic,ΖΤΑ
Vanderbilt University,Alpha Phi Alpha,,NPHC,ΑΦΑ
Vanderbilt University,Alpha Kappa Alpha,,NPHC,ΑΚΑ
Vanderbilt University,Delta Sigma Theta,,NPHC,ΔΣΘ
Vanderbilt University,Iota Phi Theta,,NPHC,ΙΦΘ
Vanderbilt University,Kappa Alpha Psi,,NPHC,ΚΑΨ
Vanderbilt University,Omega Psi Phi,,NPHC,ΩΨΦ
Vanderbilt University,Phi Beta Sigma,,NPHC,ΦΒΣ
Vanderbilt University,Sigma Gamma Rho,,NPHC,ΣΓΡ
Vanderbilt University,Zeta Phi Beta,,NPHC,ΖΦΒ
Vanderbilt University,Lambda Theta Alpha,,IGC,ΛΘΑ
Vanderbilt University,Lambda Theta Phi,,IGC,ΛΘΦ
Vanderbilt University,Sigma Lambda Gamma,,IGC,ΣΛΓ
Vanderbilt University,Kappa Delta Chi,,IGC,ΚΔΧ
